Store Name,SKU,Product Name,Opening Stock (Table),Movement History,Expected Stock,Current Stock (DB),Discrepancy
สาขา0000,SKU-889591-kxqqg,แว่นตาว่ายน้ำผู้ใหญ่ 8025-UV,3994,-277,3717,-277,-3994
สาขา0000,SKU-889591-ugf30,จานร่อน,3967,-12,3955,-12,-3967
สาขา0000,SKU-889591-loap6,กระเป๋ากันน้ำขนาด 5 ลิตร,3729,-72,3657,-72,-3729
สาขา0000,SKU-889591-ovxot,กระเป๋ากันน้ำขนาด 10 ลิตร,3646,-66,3580,-66,-3646
สาขา0000,SKU-889591-3oa5n,แว่นตาว่ายน้ำผู้ใหญ่ 8016-UV,3498,-349,3149,-349,-3498
สาขา0000,SKU-889591-7rd2o,แว่นตาว่ายน้ำผู้ใหญ่ 8016,4850,-1677,3173,-177,-3350
สาขา0000,SKU-889591-4ajwv,กระเป๋ากันน้ำขนาด 15 ลิตร,3245,-25,3220,-25,-3245
สาขา0000,SKU-889591-r4v6a,กระเป๋ากันน้ำขนาด 3 ลิตร,2731,-48,2683,-48,-2731
สาขา0000,SKU-889591-f236d,แว่นตาว่ายน้ำ PVC คละแบบ (เดิม ชื่อ แว่นตาว่ายน้ำผู้ใหญ่ PVC ),2557,-12,2545,-12,-2557
สาขา0000,SKU-889591-f1nt4,กระเป๋ากันน้ำขนาด 20 ลิตร,2088,0,2088,0,-2088
สาขา0000,SKU-889591-5myie,กระเป๋ากันน้ำขนาด 25 ลิตร,1597,-12,1585,-12,-1597
สาขา0000,SKU-889591-4pn16,กระดานโต้คลื่น 26 นิ้ว,2785,432,3217,1632,-1585
สาขา0000,SKU-889591-yy000,กระเป๋ากันน้ำขนาด 1.5 ลิตร,1548,-36,1512,-36,-1548
สาขา0000,SKU-889591-osay9,แว่นตาว่ายน้ำเด็ก 5031,1423,-115,1308,-115,-1423
สาขา0000,SKU-889591-azjcd,โฟมช่วยลอยน้ำพร้อมข้อต่อ 6 CM.,1296,0,1296,0,-1296
สาขา0000,SKU-889591-wtdol,กระเป๋ากันน้ำขนาด 2 ลิตร,1257,-6,1251,-6,-1257
สาขา0000,SKU-889591-qbl6z,ผ้าม๊อบ 10 นิ้ว,636,600,1236,2,-1234
สาขา0000,SKU-889591-fve3d,ห่วงยางขาสอดแฟนซี คละแบบ,1159,0,1159,-60,-1219
สาขา0000,SKU-889591-jme1d,เสื้อแฟชั่น คละแบบ,1181,-2,1179,-2,-1181
สาขา0000,SKU-889591-s1w38,ลูกบอลเป่าลม คละแบบ,1124,0,1124,0,-1124
สาขา0000,SKU-889591-bsv2m,รองเท้าชายหาด รุ่นสปอร์ท คละแบบ,1097,-72,1025,-72,-1097
สาขา0000,SKU-889591-megh8,สน๊อกเกิ้ลดำน้ำ 658,1664,-642,1022,-42,-1064
สาขา0000,SKU-889591-to2e5,หน้ากากดำน้ำ คละแบบ,1019,862,1881,862,-1019
สาขา0000,SKU-889591-4c7k5,ห่วงยางเป่าลมเด็กแฟนซี คละแบบ,1011,2000,3011,2000,-1011
สาขา0000,SKU-889591-8p64s,ผ้าชายหาดทอลาย คละแบบ,1961,1749,3710,2749,-961
สาขา0000,SKU-889591-bytqs,ซองกันน้ำ คละแบบ,957,0,957,0,-957
สาขา0000,SKU-889591-ywbdk,รองเท้าชายหาดเด็ก คละแบบ,944,0,944,0,-944
สาขา0000,SKU-889591-4jw4f,ปลอกแขนเด็กลอยน้ำ คละแบบ,833,0,833,0,-833
สาขา0000,SKU-889591-f7q01,ที่อุดหู อุดจมูก,799,0,799,0,-799
สาขา0000,SKU-889591-s5jjm,หมวกสาน คละแบบ,796,19,815,19,-796
สาขา0000,SKU-889591-3n0y7,สน๊อกเกิ้ลดำน้ำ 595,790,1200,1990,1200,-790
สาขา0000,SKU-889591-dhpob,รองเท้าชายหาดผู้ใหญ่ คละแบบ,759,0,759,0,-759
สาขา0000,SKU-889591-ew05l,ตีนกบ คละแบบ,950,-207,743,-7,-750
สาขา0000,SKU-889591-pzgzs,สน๊อกเกิ้ลดำน้ำผู้ใหญ่ คละแบบ,747,-20,727,-20,-747
สาขา0000,SKU-889591-tfosx,ของเล่น คละแบบ,588,-1,587,-1,-588
สาขา0000,SKU-889591-fkf1o,เสื้อชูชีพ (M),527,0,527,0,-527
สาขา0000,SKU-889591-fg273,ปลอกแขนชูชีพ (M/L) ,562,-50,512,0,-512
สาขา0000,SKU-889591-ps4zo,กระดานโต้คลื่นเป่าลม คละแบบ,507,0,507,0,-507
สาขา0000,SKU-889591-x37zn,พลั่วตักทราย,499,0,499,0,-499
สาขา0000,SKU-889591-3mm9k,แว่นตาว่ายน้ำ คละแบบ,641,350,991,500,-491
สาขา0000,SKU-889591-7ldi6,ที่วางแก้วลอยน้ำ คละแบบ,472,0,472,0,-472
สาขา0000,SKU-889591-6jmne,สูบลมมือ,435,0,435,0,-435
สาขา0000,SKU-889591-l9q7r,ผ้าขนหนู คละแบบ,113,2000,2113,1685,-428
สาขา0000,SKU-889591-6xszd,สูบลมไฟฟ้า,414,0,414,0,-414
สาขา0000,SKU-889591-iu1o1,ตักทรายถังใหญ่ลายการ์ตูน 9296,401,0,401,0,-401
สาขา0000,SKU-889591-70cm2,ผ้าเช็ดอเนกประสงค์สีเหลือง,400,0,400,0,-400
สาขา0000,SKU-889591-dix01,กางเกงขาสั้น แฟชั่น,396,-10,386,-9,-395
สาขา0000,SKU-889591-ebd3l,ของเล่นใต้น้ำ,492,-100,392,0,-392
สาขา0000,SKU-889591-71uaw,กระเป๋ากันน้ำขนาด 30 ลิตร,386,0,386,0,-386
สาขา0000,SKU-889591-m3c2l,กางเกงขาสั้น คละแบบ (ชาย),375,0,375,0,-375
สาขา0000,SKU-889591-tii1w,ฟุตบอล,374,-2,372,-2,-374
สาขา0000,SKU-889591-7p7os,เสื้อชูชีพเป่าลม คละแบบ,364,0,364,0,-364
สาขา0000,SKU-889591-styhx,ร่มพับสีพื้น,350,0,350,0,-350
สาขา0000,SKU-889591-f5qca,ร่มสั้นสามตอน อัตโนมัติ 23 นิ้ว,317,0,317,0,-317
สาขา0000,SKU-889591-oaamv,ร่มยาว POE ทรงญี่ปุ่น 25 นิ้ว,311,-1,310,-1,-311
สาขา0000,SKU-889591-mmyjz,กระเป๋ากันน้ำขนาด 40 ลิตร,299,0,299,0,-299
สาขา0000,SKU-889591-rgr8a,พลั่วตักทราย 733-312,338,-100,238,0,-238
สาขา0000,SKU-889591-pve5m,มีดอเนกประสงค์ด้ามพลาสติก,232,0,232,0,-232
สาขา0000,SKU-889591-5nmzl,เสื้อชูชีพ (S),224,0,224,0,-224
สาขา0000,SKU-889591-xi4gf,บีชวอลเล่ย์บอล,222,-1,221,-1,-222
สาขา0000,SKU-889591-mjja8,ที่คีบใสยาว 9 นิ้ว,220,0,220,0,-220
สาขา0000,SKU-889591-9qfbr,เหยือกวัดระดับน้ำ,216,0,216,0,-216
สาขา0000,SKU-889591-lfd6f,ไม้กวาดดอกหญ้า,210,0,210,0,-210
สาขา0000,SKU-889591-karwk,กางเกงขายาว คละลาย (ลายช้าง/ลายต้นมะพร้าว),203,1,204,1,-203
สาขา0000,SKU-889591-4rhmr,กางเกงขาสั้น คละแบบ (หญิง),202,0,202,0,-202
สาขา0000,SKU-889591-tzfyo,ชุดตักทรายถังปราสาท+ถาดปู 9268/P,196,48,244,48,-196
สาขา0000,SKU-889591-2fp6y,ไม้บีชบอล,189,600,789,600,-189
สาขา0000,SKU-889591-imkh3,ตักทรายถัง ชุดเล่นทรายจัมโบ้ #9243,178,24,202,24,-178
สาขา0000,SKU-889591-iej5u,ร่มยาวทูโทน,162,-1,161,-1,-162
สาขา0000,SKU-889591-uf09z,กระบอกฉีดน้ำ,162,0,162,0,-162
สาขา0000,SKU-889591-mjv8d,กางเกงขายาว แฟชั่น,160,-9,151,-9,-160
สาขา0000,SKU-889591-jwm1y,เสื้อ+กระโปรง แฟชั่น,149,-5,144,-5,-149
สาขา0000,SKU-889591-cnr64,ชุดเดรสแฟชั่น คละแบบ,145,0,145,0,-145
สาขา0000,SKU-889591-ss9wy,ผ้าม๊อบดันฝุ่น 24 นิ้ว,144,0,144,0,-144
สาขา0000,SKU-889591-ugbf2,ชุดว่ายน้ำ คละแบบ,215,-81,134,-1,-135
สาขา0000,SKU-889591-xgfee,กระโปรงแฟชั่น คละแบบ,131,-7,124,-7,-131
สาขา0000,SKU-889591-pa4ti,ชุดตักทรายถังใหญ่คละแบบ No.9299,131,72,203,72,-131
สาขา0000,SKU-889591-n4f9a,ตักทรายถังใหญ่ลายการ์ตูน 9297,130,191,321,191,-130
สาขา0000,SKU-889591-rhr0d,ชุดตักทรายถังบล๊อกปราสาท No.9257,128,120,248,120,-128
สาขา0000,SKU-889591-5el1s,โครเชต์ครอป-บราถัก,122,0,122,0,-122
สาขา0000,SKU-889591-9ddv5,เครื่องประดับ คละแบบ,122,-2,120,-2,-122
สาขา0000,SKU-889591-s793a,ไม้ม๊อบ 10 นิ้ว,120,0,120,0,-120
สาขา0000,SKU-889591-dyvaj,กระป๋องตักทราย RX789-48,119,0,119,0,-119
สาขา0000,SKU-889591-i3tv3,หินลับมีด,108,0,108,0,-108
สาขา0000,SKU-889591-isfom,ชุดเล่นทรายถัง 9208,107,48,155,48,-107
สาขา0000,SKU-889591-dwbpj,ชุดเล่นทรายถาดปู+บัว+ถัง No.9242,107,192,299,192,-107
สาขา0000,SKU-889591-rvqb7,ชุดเดรสยาวแฟชั่น ,106,-3,103,-3,-106
สาขา0000,SKU-889591-i2gp2,ชุดตักทรายถาดปู สีพาสเทล,103,96,199,96,-103
สาขา0000,SKU-889591-izuez,ผ้าเช็ดอเนกประสงค์สีน้ำเงิน,100,1500,1600,1500,-100
สาขา0000,SKU-889591-aovrr,แปรงขัดห้องน้ำ,96,0,96,0,-96
สาขา0000,SKU-889591-m2hjk,ชุดตักทราย RX789-166,89,0,89,0,-89
สาขา0000,SKU-889591-wti57,หมวกว่ายน้ำ ซิลิโคน,84,0,84,0,-84
สาขา0000,SKU-889591-obev0,แปรงขัดพื้นมีด้าม,76,0,76,0,-76
สาขา0000,SKU-889591-odoft,เสื้อแขนยาว แฟชั่น,76,0,76,0,-76
สาขา0000,SKU-889591-kdrqm,ชุดเดรสสั้น,78,-2,76,2,-74
สาขา0000,SKU-889591-z4zlm,ช้อน+ส้อม,72,0,72,0,-72
สาขา0000,SKU-889591-j1gsu,รถดั้ม+ชุดเล่นทราย 5562,68,0,68,0,-68
สาขา0000,SKU-889591-6bsgk,ชุดเดรสยาว คละสี,67,-8,59,-8,-67
สาขา0000,SKU-889591-6vhqq,ตักทรายถังปราสาท 2031,64,-1,63,-1,-64
สาขา0000,SKU-889591-nb70u,กระป๋องตักทราย,63,0,63,0,-63
สาขา0000,SKU-889591-ch5gr,ขวดแบ่งน้ำยาล้างจาน 450มล.,63,0,63,0,-63
สาขา0000,SKU-889591-o4lw8,เสื้อ+กางเกง แฟชั่น,55,-2,53,-2,-55
สาขา0000,SKU-889591-i7b61,เสื้อเชิ้ตแขนสั้น แฟชั่น ผู้หญิง,53,-1,52,-1,-53
สาขา0000,SKU-889591-02sdh,เสื้อเชิ้ตแขนสั้น แฟชั่น ผู้ชาย,49,-1,48,-1,-49
สาขา0000,SKU-889591-e7k2v,ที่โกยขยะแบบสังกะสี,46,0,46,0,-46
สาขา0000,SKU-889591-14wc0,ชุดตักทรายรถเข็นจัมโบ้ 9241,45,48,93,48,-45
สาขา0000,SKU-889591-3jd4g,ชุดตักทรายกระป๋อง C224,44,0,44,0,-44
สาขา0000,SKU-889591-wo75i,ชุดเดรส,42,-1,41,-1,-42
สาขา0000,SKU-889591-bt2u6,กระป๋องตักทราย GE10611,39,0,39,0,-39
สาขา0000,SKU-889591-otqmh,กระป๋องตักทราย GE10612,39,0,39,0,-39
สาขา0000,SKU-889591-nrkow,กระโปรงแฟชั่น คละสี,38,-1,37,-1,-38
สาขา0000,SKU-889591-539v4,แม่เหล็กปลดล๊อค,37,0,37,0,-37
สาขา0000,SKU-889591-dg3s7,ถุงมือยางส้ม,36,0,36,0,-36
สาขา0000,SKU-889591-6e4f4,ด้ามพร้อมก้านยางกรีดกระจก 35 ซม,36,0,36,0,-36
สาขา0000,SKU-889591-9h7yn,สน๊อกเกิ้ลดำน้ำเด็ก คละแบบ,35,484,519,484,-35
สาขา0000,SKU-889591-6whui,ไม้ปัดหยากไย่,32,0,32,0,-32
สาขา0000,SKU-889591-1196c,กางเกงขาสั้น คละลาย (ลายช้าง/ลายต้นมะพร้าว),36,3,39,8,-31
สาขา0000,SKU-889591-as4tw,ชุดตักทรายถาดปู #9211,30,0,30,0,-30
สาขา0000,SKU-889591-mv0qu,แม่เหล็กล็อคฮุก,26,100,126,100,-26
สาขา0000,SKU-889591-s5ql0,เป่าฟองแท่ง-โดราเอมอน D-8482,25,0,25,0,-25
สาขา0000,SKU-889591-5pg2w,ม๊อบดันฝุ่นพร้อมผ้าขนาด 24 นิ้ว,24,60,84,60,-24
สาขา0000,SKU-889591-3jbdn,รถดั๊มพ์จัมโบ้+ชุดเล่นทราย 719,23,0,23,0,-23
สาขา0000,SKU-889591-krrqj,เบ็ดเตล็ด คละแบบ #1,23,-1,22,-1,-23
สาขา0000,SKU-889591-w3cnw,แม๊กเน็ตติดตู้เย็น คละแบบ,22,0,22,0,-22
สาขา0000,SKU-889591-xxqrg,ไม้ปาดน้ำพื้นพร้อมยาง,18,0,18,0,-18
สาขา0000,SKU-889591-38c27,ชุดตักทรายถังปราสาท #9268,18,0,18,0,-18
สาขา0000,SKU-889591-31a7n,ชุดเดรสสายเดี่ยว คละสี,16,-2,14,-2,-16
สาขา0000,SKU-889591-akqku,ของเล่น ชุดโบว์ลิ่ง No.9924,15,0,15,0,-15
สาขา0000,SKU-889591-8vbmz,ตักทราย+บัวรดน้ำรูปช้าง 341,15,0,15,0,-15
สาขา0000,SKU-889591-p8xj1,ชุดเรือตักทราย-โดราเอมอน D-8383,11,0,11,0,-11
สาขา0000,SKU-889591-lbmrg,ชุดตักทราย(รถเข็น)-โดราเอมอน D-8384,10,0,10,0,-10
สาขา0000,SKU-889591-gey7q,ชุดเดรสยาว คละแบบ,8,-1,7,-1,-8
สาขา0000,SKU-889591-r6pvj,เสื้อเชิ้ตแฟชั่น ผู้ชาย,7,0,7,0,-7
สาขา0000,SKU-889591-ycxuw,กระชอนสำหรับตักไขมัน,6,60,66,60,-6
สาขา0000,SKU-889591-yc96s,ตักทรายถังปราสาท 1456-2,5,0,5,0,-5
สาขา0000,SKU-889591-un5xj,ตักทรายรถดั้ม+อุปกรณ์ 5510,5,0,5,0,-5
สาขา0000,SKU-889591-18e27,ที่ใส่สก๊อตไบรท์+ฟองน้ำ,2,0,2,0,-2
สาขา0000,SKU-889591-tklyz,เป่าฟองใส-แอเรียล PR-2880,2,0,2,0,-2
สาขา0000,SKU-889591-4ywwq,เป่าฟองใส-คิตตี้ KT-7102-D12,1,0,1,0,-1
สาขา0000,SKU-889591-j1663,กระดานโต้คลื่น 17 นิ้ว,1806,839,2645,2759,114
สาขา0000,SKU-889591-uok8p,กระดานโต้คลื่น 33 นิ้ว,2192,1032,3224,3432,208
สาขา0000,SKU-889591-p2sq3,สน๊อกเกิ้ลดำน้ำ 594,152,340,492,840,348
สาขา0000,SKU-889591-0gt9j,กระดานโต้คลื่น 41 นิ้ว,1693,1098,2791,3270,479
สาขา0000,SKU-889591-154go,แพยางเป่าลมแฟนซี คละแบบ,1326,5147,6473,7117,644
สาขา0000,SKU-889591-59ypf,ห่วงยางเป่าลมแฟนซี คละแบบ,1343,5201,6544,7201,657
สาขา0000,SKU-889591-vt30v,สน๊อกเกิ้ลดำน้ำ 250,965,892,1857,3192,1335
สาขา0000,SKU-889591-k7i2m,โฟมช่วยลอยน้ำพร้อมข้อต่อ 7 CM.,327,1454,1781,5954,4173
สาขา0003,SKU-889591-k7i2m,โฟมช่วยลอยน้ำพร้อมข้อต่อ 7 CM.,4309,-2341,1968,-1926,-3894
สาขา0003,SKU-889591-dhpob,รองเท้าชายหาดผู้ใหญ่ คละแบบ,3251,-300,2951,-85,-3036
สาขา0003,SKU-889591-r4v6a,กระเป๋ากันน้ำขนาด 3 ลิตร,3129,-757,2372,-304,-2676
สาขา0003,SKU-889591-5myie,กระเป๋ากันน้ำขนาด 25 ลิตร,2814,-470,2344,-179,-2523
สาขา0003,SKU-889591-ovxot,กระเป๋ากันน้ำขนาด 10 ลิตร,2508,-772,1736,-280,-2016
สาขา0003,SKU-889591-loap6,กระเป๋ากันน้ำขนาด 5 ลิตร,2431,-789,1642,-311,-1953
สาขา0003,SKU-601551-mt6ah,แว่นตาว่ายน้ำ PVC คละแบบ,2494,-860,1634,-251,-1885
สาขา0003,SKU-889591-ugf30,จานร่อน,2229,-1024,1205,-547,-1752
สาขา0003,SKU-889591-wtdol,กระเป๋ากันน้ำขนาด 2 ลิตร,1617,-57,1560,-44,-1604
สาขา0003,SKU-889591-0gt9j,กระดานโต้คลื่น 41 นิ้ว,1425,-227,1198,-275,-1473
สาขา0003,SKU-889591-uok8p,กระดานโต้คลื่น 33 นิ้ว,1403,-424,979,-448,-1427
สาขา0003,SKU-889591-j1663,กระดานโต้คลื่น 17 นิ้ว,1318,-551,767,-531,-1298
สาขา0003,SKU-889591-tfosx,ของเล่น คละแบบ,1235,117,1352,174,-1178
สาขา0003,SKU-889591-ywbdk,รองเท้าชายหาดเด็ก คละแบบ,1053,-8,1045,-7,-1052
สาขา0003,SKU-889591-yy000,กระเป๋ากันน้ำขนาด 1.5 ลิตร,1038,-68,970,-31,-1001
สาขา0003,SKU-889591-f1nt4,กระเป๋ากันน้ำขนาด 20 ลิตร,1061,-345,716,-166,-882
สาขา0003,SKU-889591-bsv2m,รองเท้าชายหาด รุ่นสปอร์ท คละแบบ,879,-114,765,-102,-867
สาขา0003,SKU-889591-4ajwv,กระเป๋ากันน้ำขนาด 15 ลิตร,1165,-592,573,-285,-858
สาขา0003,SKU-889591-azjcd,โฟมช่วยลอยน้ำพร้อมข้อต่อ 6 CM.,863,-36,827,-24,-851
สาขา0003,SKU-889591-fkf1o,เสื้อชูชีพ (M),753,-3,750,-2,-752
สาขา0003,SKU-889591-to2e5,หน้ากากดำน้ำ คละแบบ,1559,-1462,97,-639,-736
สาขา0003,SKU-889591-4pn16,กระดานโต้คลื่น 26 นิ้ว,868,-803,65,-621,-686
สาขา0003,SKU-889591-5nmzl,เสื้อชูชีพ (S),642,-4,638,-1,-639
สาขา0003,SKU-889591-4c7k5,ห่วงยางเป่าลมเด็กแฟนซี คละแบบ,877,-488,389,-246,-635
สาขา0003,SKU-889591-3oa5n,แว่นตาว่ายน้ำผู้ใหญ่ 8016-UV,1312,-1080,232,-353,-585
สาขา0003,SKU-889591-kxqqg,แว่นตาว่ายน้ำผู้ใหญ่ 8025-UV,1094,-1056,38,-339,-377
สาขา0003,SKU-889591-9h7yn,สน๊อกเกิ้ลดำน้ำเด็ก คละแบบ,464,-177,287,-79,-366
สาขา0003,SKU-889591-pzgzs,สน๊อกเกิ้ลดำน้ำผู้ใหญ่ คละแบบ,419,-131,288,-64,-352
สาขา0003,SKU-889591-bytqs,ซองกันน้ำ คละแบบ,436,-234,202,-102,-304
สาขา0003,SKU-889591-71uaw,กระเป๋ากันน้ำขนาด 30 ลิตร,267,-28,239,-26,-265
สาขา0003,SKU-889591-mmyjz,กระเป๋ากันน้ำขนาด 40 ลิตร,255,-4,251,0,-251
สาขา0003,SKU-889591-dix01,กางเกงขาสั้น แฟชั่น,254,-53,201,-32,-233
สาขา0003,SKU-889591-9ddv5,เครื่องประดับ คละแบบ,211,-10,201,-7,-208
สาขา0003,SKU-889591-osay9,แว่นตาว่ายน้ำเด็ก 5031,481,-409,72,-128,-200
สาขา0003,SKU-889591-f5qca,ร่มสั้นสามตอน อัตโนมัติ 23 นิ้ว,197,-1,196,-1,-197
สาขา0003,SKU-889591-7p7os,เสื้อชูชีพเป่าลม คละแบบ,197,-5,192,-5,-197
สาขา0003,SKU-889591-4jw4f,ปลอกแขนเด็กลอยน้ำ คละแบบ,187,-13,174,-12,-186
สาขา0003,SKU-889591-jme1d,เสื้อแฟชั่น คละแบบ,186,-40,146,-30,-176
สาขา0003,SKU-889591-cnr64,ชุดเดรสแฟชั่น คละแบบ,188,-47,141,-26,-167
สาขา0003,SKU-601551-ckex9,ชุดเด็ก คละแบบ,159,-27,132,-20,-152
สาขา0003,SKU-889591-6bsgk,ชุดเดรสยาว คละสี,178,-70,108,-34,-142
สาขา0003,SKU-889591-2fp6y,ไม้บีชบอล,168,-38,130,0,-130
สาขา0003,SKU-889591-s5jjm,หมวกสาน คละแบบ,126,15,141,19,-122
สาขา0003,SKU-889591-fve3d,ห่วงยางขาสอดแฟนซี คละแบบ,122,-14,108,-7,-115
สาขา0003,SKU-889591-rbkzp,เสื้อเชิ้ตฮาวาย คละแบบ,122,-20,102,-4,-106
สาขา0003,SKU-889591-59ypf,ห่วงยางเป่าลมแฟนซี คละแบบ,673,524,1197,1095,-102
สาขา0003,SKU-889591-kdrqm,ชุดเดรสสั้น,116,-27,89,-4,-93
สาขา0003,SKU-889591-ps4zo,กระดานโต้คลื่นเป่าลม คละแบบ,92,-1,91,0,-91
สาขา0003,SKU-601551-ky6xc,เสื้อลายช้าง,113,-23,90,0,-90
สาขา0003,SKU-601551-tbql5,หมวกแฟชั่น,93,-8,85,-4,-89
สาขา0003,SKU-889591-styhx,ร่มพับสีพื้น,89,-2,87,-2,-89
สาขา0003,SKU-889591-6jmne,สูบลมมือ,86,-1,85,0,-85
สาขา0003,SKU-889591-xgfee,กระโปรงแฟชั่น คละแบบ,111,-34,77,-8,-85
สาขา0003,SKU-889591-iej5u,ร่มยาวทูโทน,84,-1,83,0,-83
สาขา0003,SKU-889591-w3cnw,แม๊กเน็ตติดตู้เย็น คละแบบ,82,-2,80,-1,-81
สาขา0003,SKU-889591-krrqj,เบ็ดเตล็ด คละแบบ #1,82,-11,71,-8,-79
สาขา0003,SKU-889591-6xszd,สูบลมไฟฟ้า,79,-1,78,0,-78
สาขา0003,SKU-889591-3n0y7,สน๊อกเกิ้ลดำน้ำ 595,332,-315,17,-60,-77
สาขา0003,SKU-889591-oaamv,ร่มยาว POE ทรงญี่ปุ่น 25 นิ้ว,77,-3,74,-3,-77
สาขา0003,SKU-889591-wti57,หมวกว่ายน้ำ ซิลิโคน,75,-1,74,-1,-75
สาขา0003,SKU-889591-7ldi6,ที่วางแก้วลอยน้ำ คละแบบ,73,-3,70,-3,-73
สาขา0003,SKU-889591-mmudd,ชุดเดรสมัดย้อม,71,-9,62,-6,-68
สาขา0003,SKU-889591-4rhmr,กางเกงขาสั้น คละแบบ (หญิง),85,-26,59,-2,-61
สาขา0003,SKU-889591-m3c2l,กางเกงขาสั้น คละแบบ (ชาย),73,-26,47,-14,-61
สาขา0003,SKU-889591-tii1w,ฟุตบอล,73,-69,4,-48,-52
สาขา0003,SKU-889591-3mm9k,แว่นตาว่ายน้ำ คละแบบ,159,-60,99,48,-51
สาขา0003,SKU-889591-ew05l,ตีนกบ คละแบบ,212,-77,135,86,-49
สาขา0003,SKU-889591-m2hjk,ชุดตักทราย RX789-166,48,0,48,0,-48
สาขา0003,SKU-889591-mjv8d,กางเกงขายาว แฟชั่น,59,-22,37,-11,-48
สาขา0003,SKU-889591-isfom,ชุดเล่นทรายถัง 9208,44,-2,42,-2,-44
สาขา0003,SKU-889591-rhr0d,ชุดตักทรายถังบล็อกปราสาท 9257,44,-2,42,-2,-44
สาขา0003,SKU-889591-n4f9a,ตักทรายถังใหญ่ลายการ์ตูน 9297,41,-1,40,-1,-41
สาขา0003,SKU-889591-izgw7,รองเท้าแฟชั่น,54,-24,30,-11,-41
สาขา0003,SKU-889591-jwm1y,เสื้อ+กระโปรง แฟชั่น,54,-19,35,-6,-41
สาขา0003,SKU-889591-dyvaj,กระป๋องตักทราย RX789-48,41,-1,40,0,-40
สาขา0003,SKU-889591-xi4gf,บีชวอลเล่ย์บอล,36,-12,24,-12,-36
สาขา0003,SKU-889591-l9q7r,ผ้าขนหนู คละแบบ,72,-53,19,-15,-34
สาขา0003,SKU-889591-5el1s,โครเชต์ครอป-บราถัก,32,-7,25,-6,-31
สาขา0003,SKU-889591-s1w38,ลูกบอลเป่าลม คละแบบ,54,-24,30,0,-30
สาขา0003,SKU-889591-imkh3,ตักทรายถัง ชุดเล่นทรายจัมโบ้ #9243,28,0,28,0,-28
สาขา0003,SKU-889591-f7q01,ที่อุดหู อุดจมูก,100,-72,28,0,-28
สาขา0003,SKU-889591-otqmh,กระป๋องตักทราย GE10612,17,0,17,0,-17
สาขา0003,SKU-601551-rgz2e,ชุดเดรสยาวแฟชั่น,34,84,118,101,-17
สาขา0003,SKU-601551-da2df,กางเกงขาจั๊ม,16,-7,9,-3,-12
สาขา0003,SKU-889591-r6pvj,เสื้อเชิ้ตแฟชั่น ผู้ชาย,14,-13,1,-8,-9
สาขา0003,SKU-889591-14wc0,ชุดตักทรายรถเข็นจัมโบ้ 9241,8,0,8,0,-8
สาขา0003,SKU-889591-nrkow,กระโปรงแฟชั่น คละสี,14,-14,0,-8,-8
สาขา0003,SKU-889591-rgr8a,พลั่วตักทราย 733-312,8,76,84,76,-8
สาขา0003,SKU-889591-odoft,เสื้อแขนยาว แฟชั่น,9,-9,0,-5,-5
สาขา0003,SKU-889591-pa4ti,ชุดตักทรายถังใหญ่คละแบบ No.9299,5,0,5,0,-5
สาขา0003,SKU-889591-akqku,ของเล่น ชุดโบว์ลิ่ง No.9924,5,0,5,0,-5
สาขา0003,SKU-889591-megh8,สน๊อกเกิ้ลดำน้ำ 658,289,-203,86,83,-3
สาขา0003,SKU-889591-nb70u,กระป๋องตักทราย,3,0,3,0,-3
สาขา0003,SKU-889591-bt2u6,กระป๋องตักทราย GE10611,1,0,1,0,-1
สาขา0003,SKU-889591-un5xj,ตักทรายรถดั้ม+อุปกรณ์ 5510,1,0,1,0,-1
สาขา0003,SKU-889591-ugbf2,ชุดว่ายน้ำ คละแบบ,4,55,59,79,20
สาขา0003,SKU-889591-8p64s,ผ้าชายหาดทอลาย คละแบบ,103,561,664,740,76
สาขา0003,SKU-889591-ebd3l,ของเล่นใต้น้ำ,0,88,88,178,90
สาขา0003,SKU-889591-p2sq3,สน๊อกเกิ้ลดำน้ำ 594,13,113,126,500,374
สาขา0003,SKU-889591-154go,แพยางเป่าลมแฟนซี คละแบบ,121,544,665,1092,427
สาขา0003,SKU-889591-7rd2o,แว่นตาว่ายน้ำผู้ใหญ่ 8016,484,110,594,1158,564
สาขา0003,SKU-889591-vt30v,สน๊อกเกิ้ลดำน้ำ 250,0,15,15,1744,1729
สาขา0004,SKU-889591-9ddv5,เครื่องประดับ คละแบบ,468,-2,466,-2,-468
สาขา0004,SKU-889591-to2e5,หน้ากากดำน้ำ คละแบบ,378,-56,322,-56,-378
สาขา0004,SKU-601551-mt6ah,แว่นตาว่ายน้ำ PVC คละแบบ,369,-24,345,-24,-369
สาขา0004,SKU-769469-x2fcw,ชุดเดรสแฟชั่น คละแบบ #01,248,-14,234,-14,-248
สาขา0004,SKU-889591-pzgzs,สน๊อกเกิ้ลดำน้ำผู้ใหญ่ คละแบบ,199,-56,143,-56,-199
สาขา0004,SKU-889591-bytqs,ซองกันน้ำ คละแบบ,184,-1,183,-1,-184
สาขา0004,SKU-889591-osay9,แว่นตาว่ายน้ำเด็ก 5031,177,-12,165,-12,-177
สาขา0004,SKU-889591-3oa5n,แว่นตาว่ายน้ำผู้ใหญ่ 8016-UV,174,-12,162,-12,-174
สาขา0004,SKU-889591-wtdol,กระเป๋ากันน้ำขนาด 2 ลิตร,170,-12,158,-12,-170
สาขา0004,SKU-889591-loap6,กระเป๋ากันน้ำขนาด 5 ลิตร,170,-1,169,-1,-170
สาขา0004,SKU-889591-ew05l,ตีนกบ คละแบบ,166,-10,156,-10,-166
สาขา0004,SKU-889591-4ajwv,กระเป๋ากันน้ำขนาด 15 ลิตร,163,-22,141,-22,-163
สาขา0004,SKU-889591-r4v6a,กระเป๋ากันน้ำขนาด 3 ลิตร,156,-23,133,-23,-156
สาขา0004,SKU-889591-5myie,กระเป๋ากันน้ำขนาด 25 ลิตร,153,-28,125,-28,-153
สาขา0004,SKU-889591-ugf30,จานร่อน,153,-24,129,-24,-153
สาขา0004,SKU-889591-kxqqg,แว่นตาว่ายน้ำผู้ใหญ่ 8025-UV,152,-14,138,-14,-152
สาขา0004,SKU-889591-7rd2o,แว่นตาว่ายน้ำผู้ใหญ่ 8016,149,-10,139,-10,-149
สาขา0004,SKU-889591-jme1d,เสื้อแฟชั่น คละแบบ,144,-5,139,-5,-144
สาขา0004,SKU-769469-wdbcj,ชุดเดรสยาว #3,141,-8,133,-8,-141
สาขา0004,SKU-889591-ovxot,กระเป๋ากันน้ำขนาด 10 ลิตร,126,-1,125,-1,-126
สาขา0004,SKU-889591-7p7os,เสื้อชูชีพเป่าลม คละแบบ,125,-1,124,-1,-125
สาขา0004,SKU-889591-fve3d,ห่วงยางขาสอดแฟนซี คละแบบ,120,-13,107,-13,-120
สาขา0004,SKU-889591-4jw4f,ปลอกแขนเด็กลอยน้ำ คละแบบ,118,-1,117,-1,-118
สาขา0004,SKU-769469-4t0bi,กางเกงแฟชั่น คละแบบ,118,-3,115,-3,-118
สาขา0004,SKU-889591-3mm9k,แว่นตาว่ายน้ำ คละแบบ,114,-12,102,-12,-114
สาขา0004,SKU-889591-f1nt4,กระเป๋ากันน้ำขนาด 20 ลิตร,110,-11,99,-11,-110
สาขา0004,SKU-889591-j1663,กระดานโต้คลื่น 17 นิ้ว,109,-10,99,-10,-109
สาขา0004,SKU-889591-5nmzl,เสื้อชูชีพ (S),107,-10,97,-10,-107
สาขา0004,SKU-889591-154go,แพยางเป่าลมแฟนซี คละแบบ,106,-13,93,-13,-106
สาขา0004,SKU-889591-fkf1o,เสื้อชูชีพ (M),105,-12,93,-12,-105
สาขา0004,SKU-769469-sk778,รองเท้าชายหาด คละแบบ,103,-12,91,-12,-103
สาขา0004,SKU-889591-xgfee,กระโปรงแฟชั่น คละแบบ,101,-29,72,-29,-101
สาขา0004,SKU-889591-7ldi6,ที่วางแก้วลอยน้ำ คละแบบ,101,-1,100,-1,-101
สาขา0004,SKU-769469-ergft,ปลอกแขนชูชีพ (M/L),98,-1,97,-1,-98
สาขา0004,SKU-889591-59ypf,ห่วงยางเป่าลมแฟนซี คละแบบ,95,-13,82,-13,-95
สาขา0004,SKU-889591-71uaw,กระเป๋ากันน้ำขนาด 30 ลิตร,93,-1,92,-1,-93
สาขา0004,SKU-889591-l9q7r,ผ้าขนหนู คละแบบ,91,-3,88,-3,-91
สาขา0004,SKU-889591-mmyjz,กระเป๋ากันน้ำขนาด 40 ลิตร,84,-10,74,-10,-84
สาขา0004,SKU-889591-azjcd,โฟมช่วยลอยน้ำพร้อมข้อต่อ 6 CM.,84,-10,74,-10,-84
สาขา0004,SKU-889591-megh8,สน๊อกเกิ้ลดำน้ำ 658,83,-37,46,-37,-83
สาขา0004,SKU-889591-uok8p,กระดานโต้คลื่น 33 นิ้ว,83,-10,73,-10,-83
สาขา0004,SKU-889591-8p64s,ผ้าชายหาดทอลาย คละแบบ,82,-2,80,-2,-82
สาขา0004,SKU-889591-4pn16,กระดานโต้คลื่น 26 นิ้ว,81,-10,71,-10,-81
สาขา0004,SKU-889591-yy000,กระเป๋ากันน้ำขนาด 1.5 ลิตร,76,-10,66,-10,-76
สาขา0004,SKU-889591-0gt9j,กระดานโต้คลื่น 41 นิ้ว,75,-10,65,-10,-75
สาขา0004,SKU-889591-f5qca,ร่มสั้นสามตอน อัตโนมัติ 23 นิ้ว,74,-1,73,-1,-74
สาขา0004,SKU-889591-f7q01,ที่อุดหู อุดจมูก,73,-12,61,-12,-73
สาขา0004,SKU-889591-6xszd,สูบลมไฟฟ้า,63,-1,62,-1,-63
สาขา0004,SKU-889591-6jmne,สูบลมมือ,63,-2,61,-2,-63
สาขา0004,SKU-769469-nc6hw,ชุดเดรสแฟชั่น คละแบบ #02,61,-3,58,-3,-61
สาขา0004,SKU-889591-izgw7,รองเท้าแฟชั่น,58,-5,53,-5,-58
สาขา0004,SKU-889591-styhx,ร่มพับสีพื้น,57,0,57,0,-57
สาขา0004,SKU-889591-k7i2m,โฟมช่วยลอยน้ำพร้อมข้อต่อ 7 CM.,56,-10,46,-10,-56
สาขา0004,SKU-601551-rgz2e,ชุดเดรสยาวแฟชั่น,56,-6,50,-6,-56
สาขา0004,SKU-889591-oaamv,ร่มยาว POE ทรงญี่ปุ่น 25 นิ้ว,53,-2,51,-2,-53
สาขา0004,SKU-889591-iej5u,ร่มยาวทูโทน,51,-1,50,-1,-51
สาขา0004,SKU-889591-mjv8d,กางเกงขายาว แฟชั่น,48,-4,44,-4,-48
สาขา0004,SKU-889591-dix01,กางเกงขาสั้น แฟชั่น,47,-16,31,-16,-47
สาขา0004,SKU-889591-jwm1y,เสื้อ+กระโปรง แฟชั่น,46,-3,43,-3,-46
สาขา0004,SKU-889591-bsv2m,รองเท้าชายหาด รุ่นสปอร์ท คละแบบ,46,-2,44,-2,-46
สาขา0004,SKU-889591-tfosx,ของเล่น คละแบบ,42,-2,40,-2,-42
สาขา0004,SKU-889591-odoft,เสื้อแขนยาว แฟชั่น,39,-16,23,-16,-39
สาขา0004,SKU-889591-s1w38,ลูกบอลเป่าลม คละแบบ,38,-1,37,-1,-38
สาขา0004,SKU-889591-s5jjm,หมวกสาน คละแบบ,37,-1,36,-1,-37
สาขา0004,SKU-769469-wvem1,ชุดเดรสสั้น คละแบบ,37,-12,25,-12,-37
สาขา0004,SKU-769469-6htl5,เสื้อแฟชั่น คละแบบ No.02,35,-21,14,-21,-35
สาขา0004,SKU-889591-ugbf2,ชุดว่ายน้ำ คละแบบ,26,-1,25,-1,-26
สาขา0004,SKU-889591-krrqj,เบ็ดเตล็ด คละแบบ #1,23,-1,22,-1,-23
สาขา0004,SKU-601551-tbql5,หมวกแฟชั่น,15,-1,14,-1,-15
สาขา0004,SKU-889591-r6pvj,เสื้อเชิ้ตแฟชั่น ผู้ชาย,11,-4,7,-4,-11
สาขา0004,SKU-889591-o4lw8,เสื้อ+กางเกง แฟชั่น,5,-5,0,-5,-5
สาขา0004,SKU-889591-mmudd,ชุดเดรสมัดย้อม,5,-5,0,-5,-5
สาขา0004,SKU-889591-gey7q,ชุดเดรสยาว คละแบบ,4,-4,0,-4,-4
สาขา0004,SKU-889591-4rhmr,กางเกงขาสั้น คละแบบ (หญิง),4,-3,1,-3,-4
สาขา0004,SKU-889591-3jd4g,ชุดตักทรายกระป๋อง C224,3,0,3,0,-3
สาขา0004,SKU-889591-dyvaj,กระป๋องตักทราย RX789-48,2,0,2,0,-2
สาขา0004,SKU-889591-m2hjk,ชุดตักทราย RX789-166,2,0,2,0,-2
สาขา0004,SKU-889591-nb70u,กระป๋องตักทราย,2,0,2,0,-2
สาขา0004,SKU-889591-6bsgk,ชุดเดรสยาว คละสี,1,-1,0,-1,-1
สาขา0005,SKU-889591-59ypf,ห่วงยางเป่าลมแฟนซี คละแบบ,100,0,100,0,-100
สาขา0005,SKU-889591-dix01,กางเกงขาสั้น แฟชั่น,96,-7,89,-7,-96
สาขา0005,SKU-889591-fve3d,ห่วงยางขาสอดแฟนซี คละแบบ,96,0,96,0,-96
สาขา0005,SKU-889591-154go,แพยางเป่าลมแฟนซี คละแบบ,92,-1,91,-1,-92
สาขา0005,SKU-889591-ugbf2,ชุดว่ายน้ำ คละแบบ,87,-1,86,-1,-87
สาขา0005,SKU-889591-megh8,สน๊อกเกิ้ลดำน้ำ 658,86,-1,85,-1,-86
สาขา0005,SKU-889591-karwk,กางเกงขายาว คละลาย (ลายช้าง/ลายต้นมะพร้าว),79,-2,77,-2,-79
สาขา0005,SKU-889591-1196c,กางเกงขาสั้น คละลาย (ลายช้าง/ลายต้นมะพร้าว),77,-1,76,-1,-77
สาขา0005,SKU-889591-jme1d,เสื้อแฟชั่น คละแบบ,71,-4,67,-4,-71
สาขา0005,SKU-889591-bytqs,ซองกันน้ำ คละแบบ,59,-1,58,-1,-59
สาขา0005,SKU-889591-4rhmr,กางเกงขาสั้น คละแบบ (หญิง),58,0,58,0,-58
สาขา0005,SKU-889591-m3c2l,กางเกงขาสั้น คละแบบ (ชาย),58,0,58,0,-58
สาขา0005,SKU-601551-rgz2e,ชุดเดรสยาวแฟชั่น,53,-12,41,-12,-53
สาขา0005,SKU-889591-4c7k5,ห่วงยางเป่าลมเด็กแฟนซี คละแบบ,52,-10,42,-10,-52
สาขา0005,SKU-889591-5el1s,โครเชต์ครอป-บราถัก,48,0,48,0,-48
สาขา0005,SKU-889591-mjv8d,กางเกงขายาว แฟชั่น,48,-7,41,-7,-48
สาขา0005,SKU-889591-xgfee,กระโปรงแฟชั่น คละแบบ,45,-7,38,-7,-45
สาขา0005,SKU-889591-bsv2m,รองเท้าชายหาด รุ่นสปอร์ท คละแบบ,43,-1,42,-1,-43
สาขา0005,SKU-889591-jwm1y,เสื้อ+กระโปรง แฟชั่น,43,-6,37,-6,-43
สาขา0005,SKU-889591-3n0y7,สน๊อกเกิ้ลดำน้ำ 595,40,0,40,0,-40
สาขา0005,SKU-889591-vt30v,สน๊อกเกิ้ลดำน้ำ 250,34,-1,33,-1,-34
สาขา0005,SKU-889591-p2sq3,สน๊อกเกิ้ลดำน้ำ 594,31,-1,30,-1,-31
สาขา0005,SKU-889591-odoft,เสื้อแขนยาว แฟชั่น,31,-2,29,-2,-31
สาขา0005,SKU-889591-iej5u,ร่มยาวทูโทน,24,0,24,0,-24
สาขา0005,SKU-889591-f7q01,ที่อุดหู อุดจมูก,24,-1,23,-1,-24
สาขา0005,SKU-889591-oaamv,ร่มยาว POE ทรงญี่ปุ่น 25 นิ้ว,24,0,24,0,-24
สาขา0005,SKU-889591-7ldi6,ที่วางแก้วลอยน้ำ คละแบบ,24,-2,22,-2,-24
สาขา0005,SKU-601551-mt6ah,แว่นตาว่ายน้ำ PVC คละแบบ,23,-10,13,-10,-23
สาขา0005,SKU-889591-styhx,ร่มพับสีพื้น,23,0,23,0,-23
สาขา0005,SKU-889591-ugf30,จานร่อน,23,-2,21,-2,-23
สาขา0005,SKU-889591-s1w38,ลูกบอลเป่าลม คละแบบ,23,0,23,0,-23
สาขา0005,SKU-889591-krrqj,เบ็ดเตล็ด คละแบบ #1,22,-1,21,-1,-22
สาขา0005,SKU-889591-k7i2m,โฟมช่วยลอยน้ำพร้อมข้อต่อ 7 CM.,22,-1,21,-1,-22
สาขา0005,SKU-889591-f5qca,ร่มสั้นสามตอน อัตโนมัติ 23 นิ้ว,22,-1,21,-1,-22
สาขา0005,SKU-889591-7rd2o,แว่นตาว่ายน้ำผู้ใหญ่ 8016,22,-6,16,-6,-22
สาขา0005,SKU-889591-j1663,กระดานโต้คลื่น 17 นิ้ว,22,-10,12,-10,-22
สาขา0005,SKU-889591-azjcd,โฟมช่วยลอยน้ำพร้อมข้อต่อ 6 CM.,22,-1,21,-1,-22
สาขา0005,SKU-889591-3oa5n,แว่นตาว่ายน้ำผู้ใหญ่ 8016-UV,22,-6,16,-6,-22
สาขา0005,SKU-889591-osay9,แว่นตาว่ายน้ำเด็ก 5031,22,-10,12,-10,-22
สาขา0005,SKU-889591-kxqqg,แว่นตาว่ายน้ำผู้ใหญ่ 8025-UV,22,-2,20,-2,-22
สาขา0005,SKU-889591-ew05l,ตีนกบ คละแบบ,21,-2,19,-2,-21
สาขา0005,SKU-889591-ywbdk,รองเท้าชายหาดเด็ก คละแบบ,20,0,20,0,-20
สาขา0005,SKU-889591-to2e5,หน้ากากดำน้ำ คละแบบ,18,-1,17,-1,-18
สาขา0005,SKU-889591-5myie,กระเป๋ากันน้ำขนาด 25 ลิตร,18,-1,17,-1,-18
สาขา0005,SKU-889591-ps4zo,กระดานโต้คลื่นเป่าลม คละแบบ,18,-1,17,-1,-18
สาขา0005,SKU-889591-7p7os,เสื้อชูชีพเป่าลม คละแบบ,18,0,18,0,-18
สาขา0005,SKU-889591-8p64s,ผ้าชายหาดทอลาย คละแบบ,18,-2,16,-2,-18
สาขา0005,SKU-889591-o4lw8,เสื้อ+กางเกง แฟชั่น,18,-5,13,-5,-18
สาขา0005,SKU-889591-71uaw,กระเป๋ากันน้ำขนาด 30 ลิตร,18,0,18,0,-18
สาขา0005,SKU-889591-f1nt4,กระเป๋ากันน้ำขนาด 20 ลิตร,17,-1,16,-1,-17
สาขา0005,SKU-889591-mmyjz,กระเป๋ากันน้ำขนาด 40 ลิตร,15,0,15,0,-15
สาขา0005,SKU-889591-yy000,กระเป๋ากันน้ำขนาด 1.5 ลิตร,13,-1,12,-1,-13
สาขา0005,SKU-889591-akqku,ของเล่น ชุดโบว์ลิ่ง No.9924,12,0,12,0,-12
สาขา0005,SKU-889591-w3cnw,แม๊กเน็ตติดตู้เย็น คละแบบ,12,-1,11,-1,-12
สาขา0005,SKU-889591-s5ql0,เป่าฟองแท่ง-โดราเอมอน D-8482,12,0,12,0,-12
สาขา0005,SKU-889591-imkh3,ตักทรายถัง ชุดเล่นทรายจัมโบ้ #9243,12,0,12,0,-12
สาขา0005,SKU-889591-ovxot,กระเป๋ากันน้ำขนาด 10 ลิตร,11,-1,10,-1,-11
สาขา0005,SKU-889591-6vhqq,ตักทรายถังปราสาท 2031,11,0,11,0,-11
สาขา0005,SKU-889591-as4tw,ชุดตักทรายถาดปู #9211,11,0,11,0,-11
สาขา0005,SKU-889591-j1gsu,รถดั้ม+ชุดเล่นทราย 5562,11,0,11,0,-11
สาขา0005,SKU-889591-0gt9j,กระดานโต้คลื่น 41 นิ้ว,11,-1,10,-1,-11
สาขา0005,SKU-889591-n4f9a,ตักทรายถังใหญ่ลายการ์ตูน 9297,11,0,11,0,-11
สาขา0005,SKU-889591-rhr0d,ชุดตักทรายถังปราสาท No.9257,11,0,11,0,-11
สาขา0005,SKU-889591-s5jjm,หมวกสาน คละแบบ,10,0,10,0,-10
สาขา0005,SKU-889591-tzfyo,ชุดตักทรายถังปราสาท+ถาดปู 9268/P,10,0,10,0,-10
สาขา0005,SKU-889591-38c27,ชุดตักทรายถังปราสาท #9268,10,0,10,0,-10
สาขา0005,SKU-889591-wtdol,กระเป๋ากันน้ำขนาด 2 ลิตร,10,0,10,0,-10
สาขา0005,SKU-889591-14wc0,ชุดตักทรายรถเข็นจัมโบ้ 9241,10,0,10,0,-10
สาขา0005,SKU-889591-izgw7,รองเท้าแฟชั่น,10,-3,7,-3,-10
สาขา0005,SKU-889591-nb70u,กระป๋องตักทราย,10,0,10,0,-10
สาขา0005,SKU-889591-fkf1o,เสื้อชูชีพ (M),10,-1,9,-1,-10
สาขา0005,SKU-889591-i2gp2,ชุดตักทรายถาดปู สีพาสเทล,10,0,10,0,-10
สาขา0005,SKU-889591-pa4ti,ชุดตักทรายถังใหญ่คละแบบ No.9299,10,0,10,0,-10
สาขา0005,SKU-889591-6xszd,สูบลมไฟฟ้า,10,0,10,0,-10
สาขา0005,SKU-889591-m2hjk,ชุดตักทราย RX789-166,10,0,10,0,-10
สาขา0005,SKU-889591-rgr8a,พลั่วตักทราย 733-312,10,0,10,0,-10
สาขา0005,SKU-889591-dyvaj,กระป๋องตักทราย RX789-48,10,0,10,0,-10
สาขา0005,SKU-889591-3jd4g,ชุดตักทรายกระป๋อง C224,10,0,10,0,-10
สาขา0005,SKU-889591-5nmzl,เสื้อชูชีพ (S),10,-1,9,-1,-10
สาขา0005,SKU-889591-isfom,ชุดเล่นทรายถัง 9208,10,-1,9,-1,-10
สาขา0005,SKU-889591-dwbpj,ชุดเล่นทรายถาดปู+บัว+ถัง No.9242,9,0,9,0,-9
สาขา0005,SKU-889591-dhpob,รองเท้าชายหาดผู้ใหญ่ คละแบบ,9,0,9,0,-9
สาขา0005,SKU-889591-loap6,กระเป๋ากันน้ำขนาด 5 ลิตร,9,0,9,0,-9
สาขา0005,SKU-889591-bt2u6,กระป๋องตักทราย GE10611,9,0,9,0,-9
สาขา0005,SKU-889591-4jw4f,ปลอกแขนเด็กลอยน้ำ คละแบบ,9,0,9,0,-9
สาขา0005,SKU-769469-ergft,ปลอกแขนชูชีพ (M/L),9,-1,8,-1,-9
สาขา0005,SKU-889591-r6pvj,เสื้อเชิ้ตแฟชั่น ผู้ชาย,8,0,8,0,-8
สาขา0005,SKU-889591-r4v6a,กระเป๋ากันน้ำขนาด 3 ลิตร,8,0,8,0,-8
สาขา0005,SKU-889591-8vbmz,ตักทราย+บัวรดน้ำรูปช้าง 341,8,0,8,0,-8
สาขา0005,SKU-889591-9ddv5,เครื่องประดับ คละแบบ,8,-2,6,-2,-8
สาขา0005,SKU-889591-2fp6y,ไม้บีชบอล,6,0,6,0,-6
สาขา0005,SKU-889591-iu1o1,ตักทรายถังใหญ่ลายการ์ตูน 9296,6,0,6,0,-6
สาขา0005,SKU-889591-6jmne,สูบลมมือ,6,0,6,0,-6
สาขา0005,SKU-889591-otqmh,กระป๋องตักทราย GE10612,5,0,5,0,-5
สาขา0005,SKU-889591-cnr64,ชุดเดรสแฟชั่น คละแบบ,5,0,5,0,-5
สาขา0005,SKU-889591-02sdh,เสื้อเชิ้ตแขนสั้น แฟชั่น ผู้ชาย,5,0,5,0,-5
สาขา0005,SKU-889591-mmudd,ชุดเดรสมัดย้อม,4,0,4,0,-4
สาขา0005,SKU-889591-6bsgk,ชุดเดรสยาว คละสี,4,0,4,0,-4
สาขา0005,SKU-889591-4ajwv,กระเป๋ากันน้ำขนาด 15 ลิตร,4,0,4,0,-4
สาขา0005,SKU-889591-4pn16,กระดานโต้คลื่น 26 นิ้ว,2,0,2,0,-2
สาขา0005,SKU-889591-uok8p,กระดานโต้คลื่น 33 นิ้ว,2,0,2,0,-2
สาขา0005,SKU-601551-sk8fi,เสื้อแฟชั่นแขนกุด คละสี,1,0,1,0,-1
